序号,"6、 如果学院允许以 ""实践成果 ""替代传统学位论文 ,您最愿意选择以下哪种形式?(请选择最多3项并排序 ,1=最愿意，2=次选。3=第三选)",Q6_第1选,Q6_第2选,Q6_第3选
2,市场调研报告(针对特定市场/行业的系统调研)→国际商务案例分析(基于真实企业编写教学案例)→企业咨询报告(为企业提供市场分析、 战略建议等),市场调研报告(针对特定市场/行业的系统调研),国际商务案例分析(基于真实企业编写教学案例),企业咨询报告(为企业提供市场分析、 战略建议等)
3,市场调研报告(针对特定市场/行业的系统调研)→商业方案设计(跨境电商方案、国际市场进入方案等)→项目实施总结(完整参与项目并形成复盘报告),市场调研报告(针对特定市场/行业的系统调研),商业方案设计(跨境电商方案、国际市场进入方案等),项目实施总结(完整参与项目并形成复盘报告)
6,项目实施总结(完整参与项目并形成复盘报告)→国际商务案例分析(基于真实企业编写教学案例)→市场调研报告(针对特定市场/行业的系统调研),项目实施总结(完整参与项目并形成复盘报告),国际商务案例分析(基于真实企业编写教学案例),市场调研报告(针对特定市场/行业的系统调研)
7,项目实施总结(完整参与项目并形成复盘报告)→产品/服务创新方案(新产品开发、服务模式设计等),项目实施总结(完整参与项目并形成复盘报告),产品/服务创新方案(新产品开发、服务模式设计等),
8,企业咨询报告(为企业提供市场分析、 战略建议等)→国际商务案例分析(基于真实企业编写教学案例)→市场调研报告(针对特定市场/行业的系统调研),企业咨询报告(为企业提供市场分析、 战略建议等),国际商务案例分析(基于真实企业编写教学案例),市场调研报告(针对特定市场/行业的系统调研)
9,项目实施总结(完整参与项目并形成复盘报告)→国际商务案例分析(基于真实企业编写教学案例)→企业咨询报告(为企业提供市场分析、 战略建议等),项目实施总结(完整参与项目并形成复盘报告),国际商务案例分析(基于真实企业编写教学案例),企业咨询报告(为企业提供市场分析、 战略建议等)
10,市场调研报告(针对特定市场/行业的系统调研)→项目实施总结(完整参与项目并形成复盘报告)→国际商务案例分析(基于真实企业编写教学案例),市场调研报告(针对特定市场/行业的系统调研),项目实施总结(完整参与项目并形成复盘报告),国际商务案例分析(基于真实企业编写教学案例)
11,项目实施总结(完整参与项目并形成复盘报告)→国际商务案例分析(基于真实企业编写教学案例)→市场调研报告(针对特定市场/行业的系统调研),项目实施总结(完整参与项目并形成复盘报告),国际商务案例分析(基于真实企业编写教学案例),市场调研报告(针对特定市场/行业的系统调研)
13,企业咨询报告(为企业提供市场分析、 战略建议等)→项目实施总结(完整参与项目并形成复盘报告)→市场调研报告(针对特定市场/行业的系统调研),企业咨询报告(为企业提供市场分析、 战略建议等),项目实施总结(完整参与项目并形成复盘报告),市场调研报告(针对特定市场/行业的系统调研)
14,企业咨询报告(为企业提供市场分析、 战略建议等)→商业方案设计(跨境电商方案、国际市场进入方案等)→产品/服务创新方案(新产品开发、服务模式设计等),企业咨询报告(为企业提供市场分析、 战略建议等),商业方案设计(跨境电商方案、国际市场进入方案等),产品/服务创新方案(新产品开发、服务模式设计等)
17,市场调研报告(针对特定市场/行业的系统调研)→商业方案设计(跨境电商方案、国际市场进入方案等)→投资项目可行性研究报告（从风险到回报的全面分析决策）,市场调研报告(针对特定市场/行业的系统调研),商业方案设计(跨境电商方案、国际市场进入方案等),投资项目可行性研究报告（从风险到回报的全面分析决策）
18,企业咨询报告(为企业提供市场分析、 战略建议等)→市场调研报告(针对特定市场/行业的系统调研)→商业方案设计(跨境电商方案、国际市场进入方案等),企业咨询报告(为企业提供市场分析、 战略建议等),市场调研报告(针对特定市场/行业的系统调研),商业方案设计(跨境电商方案、国际市场进入方案等)
19,国际商务案例分析(基于真实企业编写教学案例)→企业咨询报告(为企业提供市场分析、 战略建议等)→市场调研报告(针对特定市场/行业的系统调研),国际商务案例分析(基于真实企业编写教学案例),企业咨询报告(为企业提供市场分析、 战略建议等),市场调研报告(针对特定市场/行业的系统调研)
20,市场调研报告(针对特定市场/行业的系统调研)→政策研究报告(针对国际贸易政策的应用研究)→项目实施总结(完整参与项目并形成复盘报告),市场调研报告(针对特定市场/行业的系统调研),政策研究报告(针对国际贸易政策的应用研究),项目实施总结(完整参与项目并形成复盘报告)
21,企业咨询报告(为企业提供市场分析、 战略建议等)→投资项目可行性研究报告（从风险到回报的全面分析决策）→项目实施总结(完整参与项目并形成复盘报告),企业咨询报告(为企业提供市场分析、 战略建议等),投资项目可行性研究报告（从风险到回报的全面分析决策）,项目实施总结(完整参与项目并形成复盘报告)
22,项目实施总结(完整参与项目并形成复盘报告)→商业方案设计(跨境电商方案、国际市场进入方案等)→产品/服务创新方案(新产品开发、服务模式设计等),项目实施总结(完整参与项目并形成复盘报告),商业方案设计(跨境电商方案、国际市场进入方案等),产品/服务创新方案(新产品开发、服务模式设计等)
23,市场调研报告(针对特定市场/行业的系统调研)→企业咨询报告(为企业提供市场分析、 战略建议等)→数字化解决方案(基于数据分析的商业智能报告),市场调研报告(针对特定市场/行业的系统调研),企业咨询报告(为企业提供市场分析、 战略建议等),数字化解决方案(基于数据分析的商业智能报告)
24,产品/服务创新方案(新产品开发、服务模式设计等)→市场调研报告(针对特定市场/行业的系统调研)→项目实施总结(完整参与项目并形成复盘报告),产品/服务创新方案(新产品开发、服务模式设计等),市场调研报告(针对特定市场/行业的系统调研),项目实施总结(完整参与项目并形成复盘报告)
26,国际商务案例分析(基于真实企业编写教学案例),国际商务案例分析(基于真实企业编写教学案例),,
27,企业咨询报告(为企业提供市场分析、 战略建议等)→国际商务案例分析(基于真实企业编写教学案例)→投资项目可行性研究报告（从风险到回报的全面分析决策）,企业咨询报告(为企业提供市场分析、 战略建议等),国际商务案例分析(基于真实企业编写教学案例),投资项目可行性研究报告（从风险到回报的全面分析决策）
28,企业咨询报告(为企业提供市场分析、 战略建议等)→项目实施总结(完整参与项目并形成复盘报告)→政策研究报告(针对国际贸易政策的应用研究),企业咨询报告(为企业提供市场分析、 战略建议等),项目实施总结(完整参与项目并形成复盘报告),政策研究报告(针对国际贸易政策的应用研究)
29,市场调研报告(针对特定市场/行业的系统调研)→国际商务案例分析(基于真实企业编写教学案例)→商业方案设计(跨境电商方案、国际市场进入方案等),市场调研报告(针对特定市场/行业的系统调研),国际商务案例分析(基于真实企业编写教学案例),商业方案设计(跨境电商方案、国际市场进入方案等)
30,国际商务案例分析(基于真实企业编写教学案例)→企业咨询报告(为企业提供市场分析、 战略建议等)→市场调研报告(针对特定市场/行业的系统调研),国际商务案例分析(基于真实企业编写教学案例),企业咨询报告(为企业提供市场分析、 战略建议等),市场调研报告(针对特定市场/行业的系统调研)
31,企业咨询报告(为企业提供市场分析、 战略建议等)→国际商务案例分析(基于真实企业编写教学案例)→市场调研报告(针对特定市场/行业的系统调研),企业咨询报告(为企业提供市场分析、 战略建议等),国际商务案例分析(基于真实企业编写教学案例),市场调研报告(针对特定市场/行业的系统调研)
32,国际商务案例分析(基于真实企业编写教学案例)→产品/服务创新方案(新产品开发、服务模式设计等)→商业方案设计(跨境电商方案、国际市场进入方案等),国际商务案例分析(基于真实企业编写教学案例),产品/服务创新方案(新产品开发、服务模式设计等),商业方案设计(跨境电商方案、国际市场进入方案等)
33,商业方案设计(跨境电商方案、国际市场进入方案等)→国际商务案例分析(基于真实企业编写教学案例)→市场调研报告(针对特定市场/行业的系统调研),商业方案设计(跨境电商方案、国际市场进入方案等),国际商务案例分析(基于真实企业编写教学案例),市场调研报告(针对特定市场/行业的系统调研)
34,国际商务案例分析(基于真实企业编写教学案例)→企业咨询报告(为企业提供市场分析、 战略建议等)→市场调研报告(针对特定市场/行业的系统调研),国际商务案例分析(基于真实企业编写教学案例),企业咨询报告(为企业提供市场分析、 战略建议等),市场调研报告(针对特定市场/行业的系统调研)
35,企业咨询报告(为企业提供市场分析、 战略建议等)→国际商务案例分析(基于真实企业编写教学案例)→市场调研报告(针对特定市场/行业的系统调研),企业咨询报告(为企业提供市场分析、 战略建议等),国际商务案例分析(基于真实企业编写教学案例),市场调研报告(针对特定市场/行业的系统调研)
36,项目实施总结(完整参与项目并形成复盘报告)→政策研究报告(针对国际贸易政策的应用研究)→产品/服务创新方案(新产品开发、服务模式设计等),项目实施总结(完整参与项目并形成复盘报告),政策研究报告(针对国际贸易政策的应用研究),产品/服务创新方案(新产品开发、服务模式设计等)
37,项目实施总结(完整参与项目并形成复盘报告)→国际商务案例分析(基于真实企业编写教学案例),项目实施总结(完整参与项目并形成复盘报告),国际商务案例分析(基于真实企业编写教学案例),
38,市场调研报告(针对特定市场/行业的系统调研)→政策研究报告(针对国际贸易政策的应用研究)→投资项目可行性研究报告（从风险到回报的全面分析决策）,市场调研报告(针对特定市场/行业的系统调研),政策研究报告(针对国际贸易政策的应用研究),投资项目可行性研究报告（从风险到回报的全面分析决策）
39,项目实施总结(完整参与项目并形成复盘报告)→市场调研报告(针对特定市场/行业的系统调研)→数字化解决方案(基于数据分析的商业智能报告),项目实施总结(完整参与项目并形成复盘报告),市场调研报告(针对特定市场/行业的系统调研),数字化解决方案(基于数据分析的商业智能报告)
40,国际商务案例分析(基于真实企业编写教学案例)→企业咨询报告(为企业提供市场分析、 战略建议等)→市场调研报告(针对特定市场/行业的系统调研),国际商务案例分析(基于真实企业编写教学案例),企业咨询报告(为企业提供市场分析、 战略建议等),市场调研报告(针对特定市场/行业的系统调研)
41,投资项目可行性研究报告（从风险到回报的全面分析决策）→国际商务案例分析(基于真实企业编写教学案例)→政策研究报告(针对国际贸易政策的应用研究),投资项目可行性研究报告（从风险到回报的全面分析决策）,国际商务案例分析(基于真实企业编写教学案例),政策研究报告(针对国际贸易政策的应用研究)
42,项目实施总结(完整参与项目并形成复盘报告)→数字化解决方案(基于数据分析的商业智能报告)→国际商务案例分析(基于真实企业编写教学案例),项目实施总结(完整参与项目并形成复盘报告),数字化解决方案(基于数据分析的商业智能报告),国际商务案例分析(基于真实企业编写教学案例)
43,项目实施总结(完整参与项目并形成复盘报告)→国际商务案例分析(基于真实企业编写教学案例),项目实施总结(完整参与项目并形成复盘报告),国际商务案例分析(基于真实企业编写教学案例),
44,国际商务案例分析(基于真实企业编写教学案例)→市场调研报告(针对特定市场/行业的系统调研)→政策研究报告(针对国际贸易政策的应用研究),国际商务案例分析(基于真实企业编写教学案例),市场调研报告(针对特定市场/行业的系统调研),政策研究报告(针对国际贸易政策的应用研究)
45,项目实施总结(完整参与项目并形成复盘报告)→市场调研报告(针对特定市场/行业的系统调研),项目实施总结(完整参与项目并形成复盘报告),市场调研报告(针对特定市场/行业的系统调研),
46,市场调研报告(针对特定市场/行业的系统调研)→国际商务案例分析(基于真实企业编写教学案例)→项目实施总结(完整参与项目并形成复盘报告),市场调研报告(针对特定市场/行业的系统调研),国际商务案例分析(基于真实企业编写教学案例),项目实施总结(完整参与项目并形成复盘报告)
47,项目实施总结(完整参与项目并形成复盘报告)→政策研究报告(针对国际贸易政策的应用研究)→国际商务案例分析(基于真实企业编写教学案例),项目实施总结(完整参与项目并形成复盘报告),政策研究报告(针对国际贸易政策的应用研究),国际商务案例分析(基于真实企业编写教学案例)
48,企业咨询报告(为企业提供市场分析、 战略建议等)→国际商务案例分析(基于真实企业编写教学案例)→市场调研报告(针对特定市场/行业的系统调研),企业咨询报告(为企业提供市场分析、 战略建议等),国际商务案例分析(基于真实企业编写教学案例),市场调研报告(针对特定市场/行业的系统调研)
50,项目实施总结(完整参与项目并形成复盘报告)→数字化解决方案(基于数据分析的商业智能报告)→投资项目可行性研究报告（从风险到回报的全面分析决策）,项目实施总结(完整参与项目并形成复盘报告),数字化解决方案(基于数据分析的商业智能报告),投资项目可行性研究报告（从风险到回报的全面分析决策）
51,政策研究报告(针对国际贸易政策的应用研究)→商业方案设计(跨境电商方案、国际市场进入方案等)→国际商务案例分析(基于真实企业编写教学案例),政策研究报告(针对国际贸易政策的应用研究),商业方案设计(跨境电商方案、国际市场进入方案等),国际商务案例分析(基于真实企业编写教学案例)
52,商业方案设计(跨境电商方案、国际市场进入方案等)→国际商务案例分析(基于真实企业编写教学案例)→企业咨询报告(为企业提供市场分析、 战略建议等),商业方案设计(跨境电商方案、国际市场进入方案等),国际商务案例分析(基于真实企业编写教学案例),企业咨询报告(为企业提供市场分析、 战略建议等)
53,数字化解决方案(基于数据分析的商业智能报告)→商业方案设计(跨境电商方案、国际市场进入方案等)→市场调研报告(针对特定市场/行业的系统调研),数字化解决方案(基于数据分析的商业智能报告),商业方案设计(跨境电商方案、国际市场进入方案等),市场调研报告(针对特定市场/行业的系统调研)
54,投资项目可行性研究报告（从风险到回报的全面分析决策）→国际商务案例分析(基于真实企业编写教学案例)→政策研究报告(针对国际贸易政策的应用研究),投资项目可行性研究报告（从风险到回报的全面分析决策）,国际商务案例分析(基于真实企业编写教学案例),政策研究报告(针对国际贸易政策的应用研究)
55,政策研究报告(针对国际贸易政策的应用研究)→国际商务案例分析(基于真实企业编写教学案例)→投资项目可行性研究报告（从风险到回报的全面分析决策）,政策研究报告(针对国际贸易政策的应用研究),国际商务案例分析(基于真实企业编写教学案例),投资项目可行性研究报告（从风险到回报的全面分析决策）
56,企业咨询报告(为企业提供市场分析、 战略建议等)→国际商务案例分析(基于真实企业编写教学案例)→市场调研报告(针对特定市场/行业的系统调研),企业咨询报告(为企业提供市场分析、 战略建议等),国际商务案例分析(基于真实企业编写教学案例),市场调研报告(针对特定市场/行业的系统调研)
57,国际商务案例分析(基于真实企业编写教学案例)→产品/服务创新方案(新产品开发、服务模式设计等),国际商务案例分析(基于真实企业编写教学案例),产品/服务创新方案(新产品开发、服务模式设计等),
58,商业方案设计(跨境电商方案、国际市场进入方案等)→企业咨询报告(为企业提供市场分析、 战略建议等)→国际商务案例分析(基于真实企业编写教学案例),商业方案设计(跨境电商方案、国际市场进入方案等),企业咨询报告(为企业提供市场分析、 战略建议等),国际商务案例分析(基于真实企业编写教学案例)
59,商业方案设计(跨境电商方案、国际市场进入方案等)→产品/服务创新方案(新产品开发、服务模式设计等)→项目实施总结(完整参与项目并形成复盘报告),商业方案设计(跨境电商方案、国际市场进入方案等),产品/服务创新方案(新产品开发、服务模式设计等),项目实施总结(完整参与项目并形成复盘报告)
60,国际商务案例分析(基于真实企业编写教学案例)→项目实施总结(完整参与项目并形成复盘报告)→政策研究报告(针对国际贸易政策的应用研究),国际商务案例分析(基于真实企业编写教学案例),项目实施总结(完整参与项目并形成复盘报告),政策研究报告(针对国际贸易政策的应用研究)
61,企业咨询报告(为企业提供市场分析、 战略建议等)→国际商务案例分析(基于真实企业编写教学案例)→市场调研报告(针对特定市场/行业的系统调研),企业咨询报告(为企业提供市场分析、 战略建议等),国际商务案例分析(基于真实企业编写教学案例),市场调研报告(针对特定市场/行业的系统调研)
62,商业方案设计(跨境电商方案、国际市场进入方案等)→产品/服务创新方案(新产品开发、服务模式设计等)→市场调研报告(针对特定市场/行业的系统调研),商业方案设计(跨境电商方案、国际市场进入方案等),产品/服务创新方案(新产品开发、服务模式设计等),市场调研报告(针对特定市场/行业的系统调研)
63,投资项目可行性研究报告（从风险到回报的全面分析决策）→国际商务案例分析(基于真实企业编写教学案例)→数字化解决方案(基于数据分析的商业智能报告),投资项目可行性研究报告（从风险到回报的全面分析决策）,国际商务案例分析(基于真实企业编写教学案例),数字化解决方案(基于数据分析的商业智能报告)
64,市场调研报告(针对特定市场/行业的系统调研)→政策研究报告(针对国际贸易政策的应用研究),市场调研报告(针对特定市场/行业的系统调研),政策研究报告(针对国际贸易政策的应用研究),
65,企业咨询报告(为企业提供市场分析、 战略建议等)→市场调研报告(针对特定市场/行业的系统调研)→商业方案设计(跨境电商方案、国际市场进入方案等),企业咨询报告(为企业提供市场分析、 战略建议等),市场调研报告(针对特定市场/行业的系统调研),商业方案设计(跨境电商方案、国际市场进入方案等)
66,国际商务案例分析(基于真实企业编写教学案例)→市场调研报告(针对特定市场/行业的系统调研)→商业方案设计(跨境电商方案、国际市场进入方案等),国际商务案例分析(基于真实企业编写教学案例),市场调研报告(针对特定市场/行业的系统调研),商业方案设计(跨境电商方案、国际市场进入方案等)
67,商业方案设计(跨境电商方案、国际市场进入方案等)→项目实施总结(完整参与项目并形成复盘报告)→企业咨询报告(为企业提供市场分析、 战略建议等),商业方案设计(跨境电商方案、国际市场进入方案等),项目实施总结(完整参与项目并形成复盘报告),企业咨询报告(为企业提供市场分析、 战略建议等)
68,项目实施总结(完整参与项目并形成复盘报告)→市场调研报告(针对特定市场/行业的系统调研)→数字化解决方案(基于数据分析的商业智能报告),项目实施总结(完整参与项目并形成复盘报告),市场调研报告(针对特定市场/行业的系统调研),数字化解决方案(基于数据分析的商业智能报告)
69,企业咨询报告(为企业提供市场分析、 战略建议等)→国际商务案例分析(基于真实企业编写教学案例)→市场调研报告(针对特定市场/行业的系统调研),企业咨询报告(为企业提供市场分析、 战略建议等),国际商务案例分析(基于真实企业编写教学案例),市场调研报告(针对特定市场/行业的系统调研)
70,产品/服务创新方案(新产品开发、服务模式设计等)→市场调研报告(针对特定市场/行业的系统调研)→国际商务案例分析(基于真实企业编写教学案例),产品/服务创新方案(新产品开发、服务模式设计等),市场调研报告(针对特定市场/行业的系统调研),国际商务案例分析(基于真实企业编写教学案例)
71,项目实施总结(完整参与项目并形成复盘报告),项目实施总结(完整参与项目并形成复盘报告),,
72,企业咨询报告(为企业提供市场分析、 战略建议等)→政策研究报告(针对国际贸易政策的应用研究)→国际商务案例分析(基于真实企业编写教学案例),企业咨询报告(为企业提供市场分析、 战略建议等),政策研究报告(针对国际贸易政策的应用研究),国际商务案例分析(基于真实企业编写教学案例)
74,商业方案设计(跨境电商方案、国际市场进入方案等)→国际商务案例分析(基于真实企业编写教学案例)→数字化解决方案(基于数据分析的商业智能报告),商业方案设计(跨境电商方案、国际市场进入方案等),国际商务案例分析(基于真实企业编写教学案例),数字化解决方案(基于数据分析的商业智能报告)
75,数字化解决方案(基于数据分析的商业智能报告),数字化解决方案(基于数据分析的商业智能报告),,
76,国际商务案例分析(基于真实企业编写教学案例)→产品/服务创新方案(新产品开发、服务模式设计等)→投资项目可行性研究报告（从风险到回报的全面分析决策）,国际商务案例分析(基于真实企业编写教学案例),产品/服务创新方案(新产品开发、服务模式设计等),投资项目可行性研究报告（从风险到回报的全面分析决策）
77,项目实施总结(完整参与项目并形成复盘报告)→国际商务案例分析(基于真实企业编写教学案例)→市场调研报告(针对特定市场/行业的系统调研),项目实施总结(完整参与项目并形成复盘报告),国际商务案例分析(基于真实企业编写教学案例),市场调研报告(针对特定市场/行业的系统调研)
78,商业方案设计(跨境电商方案、国际市场进入方案等)→企业咨询报告(为企业提供市场分析、 战略建议等)→项目实施总结(完整参与项目并形成复盘报告),商业方案设计(跨境电商方案、国际市场进入方案等),企业咨询报告(为企业提供市场分析、 战略建议等),项目实施总结(完整参与项目并形成复盘报告)
80,投资项目可行性研究报告（从风险到回报的全面分析决策）→商业方案设计(跨境电商方案、国际市场进入方案等)→项目实施总结(完整参与项目并形成复盘报告),投资项目可行性研究报告（从风险到回报的全面分析决策）,商业方案设计(跨境电商方案、国际市场进入方案等),项目实施总结(完整参与项目并形成复盘报告)
81,国际商务案例分析(基于真实企业编写教学案例),国际商务案例分析(基于真实企业编写教学案例),,
82,投资项目可行性研究报告（从风险到回报的全面分析决策）→国际商务案例分析(基于真实企业编写教学案例)→企业咨询报告(为企业提供市场分析、 战略建议等),投资项目可行性研究报告（从风险到回报的全面分析决策）,国际商务案例分析(基于真实企业编写教学案例),企业咨询报告(为企业提供市场分析、 战略建议等)
83,市场调研报告(针对特定市场/行业的系统调研)→投资项目可行性研究报告（从风险到回报的全面分析决策）→项目实施总结(完整参与项目并形成复盘报告),市场调研报告(针对特定市场/行业的系统调研),投资项目可行性研究报告（从风险到回报的全面分析决策）,项目实施总结(完整参与项目并形成复盘报告)
84,企业咨询报告(为企业提供市场分析、 战略建议等)→市场调研报告(针对特定市场/行业的系统调研)→数字化解决方案(基于数据分析的商业智能报告),企业咨询报告(为企业提供市场分析、 战略建议等),市场调研报告(针对特定市场/行业的系统调研),数字化解决方案(基于数据分析的商业智能报告)
85,国际商务案例分析(基于真实企业编写教学案例)→市场调研报告(针对特定市场/行业的系统调研)→政策研究报告(针对国际贸易政策的应用研究),国际商务案例分析(基于真实企业编写教学案例),市场调研报告(针对特定市场/行业的系统调研),政策研究报告(针对国际贸易政策的应用研究)
86,国际商务案例分析(基于真实企业编写教学案例)→产品/服务创新方案(新产品开发、服务模式设计等)→企业咨询报告(为企业提供市场分析、 战略建议等),国际商务案例分析(基于真实企业编写教学案例),产品/服务创新方案(新产品开发、服务模式设计等),企业咨询报告(为企业提供市场分析、 战略建议等)
87,商业方案设计(跨境电商方案、国际市场进入方案等)→市场调研报告(针对特定市场/行业的系统调研)→国际商务案例分析(基于真实企业编写教学案例),商业方案设计(跨境电商方案、国际市场进入方案等),市场调研报告(针对特定市场/行业的系统调研),国际商务案例分析(基于真实企业编写教学案例)
89,市场调研报告(针对特定市场/行业的系统调研)→国际商务案例分析(基于真实企业编写教学案例)→商业方案设计(跨境电商方案、国际市场进入方案等),市场调研报告(针对特定市场/行业的系统调研),国际商务案例分析(基于真实企业编写教学案例),商业方案设计(跨境电商方案、国际市场进入方案等)
90,国际商务案例分析(基于真实企业编写教学案例)→企业咨询报告(为企业提供市场分析、 战略建议等)→市场调研报告(针对特定市场/行业的系统调研),国际商务案例分析(基于真实企业编写教学案例),企业咨询报告(为企业提供市场分析、 战略建议等),市场调研报告(针对特定市场/行业的系统调研)
91,企业咨询报告(为企业提供市场分析、 战略建议等)→国际商务案例分析(基于真实企业编写教学案例)→市场调研报告(针对特定市场/行业的系统调研),企业咨询报告(为企业提供市场分析、 战略建议等),国际商务案例分析(基于真实企业编写教学案例),市场调研报告(针对特定市场/行业的系统调研)
92,企业咨询报告(为企业提供市场分析、 战略建议等)→国际商务案例分析(基于真实企业编写教学案例)→商业方案设计(跨境电商方案、国际市场进入方案等),企业咨询报告(为企业提供市场分析、 战略建议等),国际商务案例分析(基于真实企业编写教学案例),商业方案设计(跨境电商方案、国际市场进入方案等)
93,国际商务案例分析(基于真实企业编写教学案例)→项目实施总结(完整参与项目并形成复盘报告)→产品/服务创新方案(新产品开发、服务模式设计等),国际商务案例分析(基于真实企业编写教学案例),项目实施总结(完整参与项目并形成复盘报告),产品/服务创新方案(新产品开发、服务模式设计等)
94,商业方案设计(跨境电商方案、国际市场进入方案等)→企业咨询报告(为企业提供市场分析、 战略建议等)→市场调研报告(针对特定市场/行业的系统调研),商业方案设计(跨境电商方案、国际市场进入方案等),企业咨询报告(为企业提供市场分析、 战略建议等),市场调研报告(针对特定市场/行业的系统调研)
95,市场调研报告(针对特定市场/行业的系统调研)→数字化解决方案(基于数据分析的商业智能报告)→产品/服务创新方案(新产品开发、服务模式设计等),市场调研报告(针对特定市场/行业的系统调研),数字化解决方案(基于数据分析的商业智能报告),产品/服务创新方案(新产品开发、服务模式设计等)
96,国际商务案例分析(基于真实企业编写教学案例)→商业方案设计(跨境电商方案、国际市场进入方案等)→政策研究报告(针对国际贸易政策的应用研究),国际商务案例分析(基于真实企业编写教学案例),商业方案设计(跨境电商方案、国际市场进入方案等),政策研究报告(针对国际贸易政策的应用研究)
97,国际商务案例分析(基于真实企业编写教学案例)→市场调研报告(针对特定市场/行业的系统调研)→商业方案设计(跨境电商方案、国际市场进入方案等),国际商务案例分析(基于真实企业编写教学案例),市场调研报告(针对特定市场/行业的系统调研),商业方案设计(跨境电商方案、国际市场进入方案等)
98,国际商务案例分析(基于真实企业编写教学案例)→项目实施总结(完整参与项目并形成复盘报告)→商业方案设计(跨境电商方案、国际市场进入方案等),国际商务案例分析(基于真实企业编写教学案例),项目实施总结(完整参与项目并形成复盘报告),商业方案设计(跨境电商方案、国际市场进入方案等)
99,国际商务案例分析(基于真实企业编写教学案例),国际商务案例分析(基于真实企业编写教学案例),,
100,国际商务案例分析(基于真实企业编写教学案例)→市场调研报告(针对特定市场/行业的系统调研)→商业方案设计(跨境电商方案、国际市场进入方案等),国际商务案例分析(基于真实企业编写教学案例),市场调研报告(针对特定市场/行业的系统调研),商业方案设计(跨境电商方案、国际市场进入方案等)
101,企业咨询报告(为企业提供市场分析、 战略建议等)→市场调研报告(针对特定市场/行业的系统调研)→国际商务案例分析(基于真实企业编写教学案例),企业咨询报告(为企业提供市场分析、 战略建议等),市场调研报告(针对特定市场/行业的系统调研),国际商务案例分析(基于真实企业编写教学案例)
102,市场调研报告(针对特定市场/行业的系统调研)→项目实施总结(完整参与项目并形成复盘报告)→数字化解决方案(基于数据分析的商业智能报告),市场调研报告(针对特定市场/行业的系统调研),项目实施总结(完整参与项目并形成复盘报告),数字化解决方案(基于数据分析的商业智能报告)
103,商业方案设计(跨境电商方案、国际市场进入方案等)→企业咨询报告(为企业提供市场分析、 战略建议等)→投资项目可行性研究报告（从风险到回报的全面分析决策）,商业方案设计(跨境电商方案、国际市场进入方案等),企业咨询报告(为企业提供市场分析、 战略建议等),投资项目可行性研究报告（从风险到回报的全面分析决策）
104,市场调研报告(针对特定市场/行业的系统调研)→商业方案设计(跨境电商方案、国际市场进入方案等)→数字化解决方案(基于数据分析的商业智能报告),市场调研报告(针对特定市场/行业的系统调研),商业方案设计(跨境电商方案、国际市场进入方案等),数字化解决方案(基于数据分析的商业智能报告)
105,企业咨询报告(为企业提供市场分析、 战略建议等)→市场调研报告(针对特定市场/行业的系统调研),企业咨询报告(为企业提供市场分析、 战略建议等),市场调研报告(针对特定市场/行业的系统调研),
106,企业咨询报告(为企业提供市场分析、 战略建议等)→商业方案设计(跨境电商方案、国际市场进入方案等)→政策研究报告(针对国际贸易政策的应用研究),企业咨询报告(为企业提供市场分析、 战略建议等),商业方案设计(跨境电商方案、国际市场进入方案等),政策研究报告(针对国际贸易政策的应用研究)
107,项目实施总结(完整参与项目并形成复盘报告)→国际商务案例分析(基于真实企业编写教学案例)→市场调研报告(针对特定市场/行业的系统调研),项目实施总结(完整参与项目并形成复盘报告),国际商务案例分析(基于真实企业编写教学案例),市场调研报告(针对特定市场/行业的系统调研)
108,国际商务案例分析(基于真实企业编写教学案例),国际商务案例分析(基于真实企业编写教学案例),,
109,市场调研报告(针对特定市场/行业的系统调研)→商业方案设计(跨境电商方案、国际市场进入方案等)→政策研究报告(针对国际贸易政策的应用研究),市场调研报告(针对特定市场/行业的系统调研),商业方案设计(跨境电商方案、国际市场进入方案等),政策研究报告(针对国际贸易政策的应用研究)
110,企业咨询报告(为企业提供市场分析、 战略建议等)→国际商务案例分析(基于真实企业编写教学案例),企业咨询报告(为企业提供市场分析、 战略建议等),国际商务案例分析(基于真实企业编写教学案例),
111,国际商务案例分析(基于真实企业编写教学案例)→企业咨询报告(为企业提供市场分析、 战略建议等)→数字化解决方案(基于数据分析的商业智能报告),国际商务案例分析(基于真实企业编写教学案例),企业咨询报告(为企业提供市场分析、 战略建议等),数字化解决方案(基于数据分析的商业智能报告)
112,产品/服务创新方案(新产品开发、服务模式设计等)→国际商务案例分析(基于真实企业编写教学案例)→项目实施总结(完整参与项目并形成复盘报告),产品/服务创新方案(新产品开发、服务模式设计等),国际商务案例分析(基于真实企业编写教学案例),项目实施总结(完整参与项目并形成复盘报告)
113,国际商务案例分析(基于真实企业编写教学案例)→市场调研报告(针对特定市场/行业的系统调研)→企业咨询报告(为企业提供市场分析、 战略建议等),国际商务案例分析(基于真实企业编写教学案例),市场调研报告(针对特定市场/行业的系统调研),企业咨询报告(为企业提供市场分析、 战略建议等)
114,企业咨询报告(为企业提供市场分析、 战略建议等)→市场调研报告(针对特定市场/行业的系统调研)→商业方案设计(跨境电商方案、国际市场进入方案等),企业咨询报告(为企业提供市场分析、 战略建议等),市场调研报告(针对特定市场/行业的系统调研),商业方案设计(跨境电商方案、国际市场进入方案等)
115,市场调研报告(针对特定市场/行业的系统调研)→国际商务案例分析(基于真实企业编写教学案例)→商业方案设计(跨境电商方案、国际市场进入方案等),市场调研报告(针对特定市场/行业的系统调研),国际商务案例分析(基于真实企业编写教学案例),商业方案设计(跨境电商方案、国际市场进入方案等)
116,市场调研报告(针对特定市场/行业的系统调研)→商业方案设计(跨境电商方案、国际市场进入方案等)→政策研究报告(针对国际贸易政策的应用研究),市场调研报告(针对特定市场/行业的系统调研),商业方案设计(跨境电商方案、国际市场进入方案等),政策研究报告(针对国际贸易政策的应用研究)
117,国际商务案例分析(基于真实企业编写教学案例)→企业咨询报告(为企业提供市场分析、 战略建议等)→市场调研报告(针对特定市场/行业的系统调研),国际商务案例分析(基于真实企业编写教学案例),企业咨询报告(为企业提供市场分析、 战略建议等),市场调研报告(针对特定市场/行业的系统调研)
118,企业咨询报告(为企业提供市场分析、 战略建议等)→市场调研报告(针对特定市场/行业的系统调研)→项目实施总结(完整参与项目并形成复盘报告),企业咨询报告(为企业提供市场分析、 战略建议等),市场调研报告(针对特定市场/行业的系统调研),项目实施总结(完整参与项目并形成复盘报告)
119,国际商务案例分析(基于真实企业编写教学案例)→商业方案设计(跨境电商方案、国际市场进入方案等)→企业咨询报告(为企业提供市场分析、 战略建议等),国际商务案例分析(基于真实企业编写教学案例),商业方案设计(跨境电商方案、国际市场进入方案等),企业咨询报告(为企业提供市场分析、 战略建议等)
120,项目实施总结(完整参与项目并形成复盘报告),项目实施总结(完整参与项目并形成复盘报告),,
121,企业咨询报告(为企业提供市场分析、 战略建议等)→市场调研报告(针对特定市场/行业的系统调研),企业咨询报告(为企业提供市场分析、 战略建议等),市场调研报告(针对特定市场/行业的系统调研),
122,数字化解决方案(基于数据分析的商业智能报告)→政策研究报告(针对国际贸易政策的应用研究)→市场调研报告(针对特定市场/行业的系统调研),数字化解决方案(基于数据分析的商业智能报告),政策研究报告(针对国际贸易政策的应用研究),市场调研报告(针对特定市场/行业的系统调研)
123,国际商务案例分析(基于真实企业编写教学案例)→商业方案设计(跨境电商方案、国际市场进入方案等)→项目实施总结(完整参与项目并形成复盘报告),国际商务案例分析(基于真实企业编写教学案例),商业方案设计(跨境电商方案、国际市场进入方案等),项目实施总结(完整参与项目并形成复盘报告)
124,国际商务案例分析(基于真实企业编写教学案例)→市场调研报告(针对特定市场/行业的系统调研)→企业咨询报告(为企业提供市场分析、 战略建议等),国际商务案例分析(基于真实企业编写教学案例),市场调研报告(针对特定市场/行业的系统调研),企业咨询报告(为企业提供市场分析、 战略建议等)
125,商业方案设计(跨境电商方案、国际市场进入方案等)→国际商务案例分析(基于真实企业编写教学案例),商业方案设计(跨境电商方案、国际市场进入方案等),国际商务案例分析(基于真实企业编写教学案例),
126,市场调研报告(针对特定市场/行业的系统调研)→政策研究报告(针对国际贸易政策的应用研究)→商业方案设计(跨境电商方案、国际市场进入方案等),市场调研报告(针对特定市场/行业的系统调研),政策研究报告(针对国际贸易政策的应用研究),商业方案设计(跨境电商方案、国际市场进入方案等)
127,市场调研报告(针对特定市场/行业的系统调研)→政策研究报告(针对国际贸易政策的应用研究)→企业咨询报告(为企业提供市场分析、 战略建议等),市场调研报告(针对特定市场/行业的系统调研),政策研究报告(针对国际贸易政策的应用研究),企业咨询报告(为企业提供市场分析、 战略建议等)
128,项目实施总结(完整参与项目并形成复盘报告)→企业咨询报告(为企业提供市场分析、 战略建议等)→投资项目可行性研究报告（从风险到回报的全面分析决策）,项目实施总结(完整参与项目并形成复盘报告),企业咨询报告(为企业提供市场分析、 战略建议等),投资项目可行性研究报告（从风险到回报的全面分析决策）
129,国际商务案例分析(基于真实企业编写教学案例)→企业咨询报告(为企业提供市场分析、 战略建议等)→市场调研报告(针对特定市场/行业的系统调研),国际商务案例分析(基于真实企业编写教学案例),企业咨询报告(为企业提供市场分析、 战略建议等),市场调研报告(针对特定市场/行业的系统调研)
130,国际商务案例分析(基于真实企业编写教学案例)→市场调研报告(针对特定市场/行业的系统调研)→商业方案设计(跨境电商方案、国际市场进入方案等),国际商务案例分析(基于真实企业编写教学案例),市场调研报告(针对特定市场/行业的系统调研),商业方案设计(跨境电商方案、国际市场进入方案等)
131,企业咨询报告(为企业提供市场分析、 战略建议等)→国际商务案例分析(基于真实企业编写教学案例)→市场调研报告(针对特定市场/行业的系统调研),企业咨询报告(为企业提供市场分析、 战略建议等),国际商务案例分析(基于真实企业编写教学案例),市场调研报告(针对特定市场/行业的系统调研)
132,投资项目可行性研究报告（从风险到回报的全面分析决策）→政策研究报告(针对国际贸易政策的应用研究)→国际商务案例分析(基于真实企业编写教学案例),投资项目可行性研究报告（从风险到回报的全面分析决策）,政策研究报告(针对国际贸易政策的应用研究),国际商务案例分析(基于真实企业编写教学案例)
133,市场调研报告(针对特定市场/行业的系统调研)→企业咨询报告(为企业提供市场分析、 战略建议等)→投资项目可行性研究报告（从风险到回报的全面分析决策）,市场调研报告(针对特定市场/行业的系统调研),企业咨询报告(为企业提供市场分析、 战略建议等),投资项目可行性研究报告（从风险到回报的全面分析决策）
134,企业咨询报告(为企业提供市场分析、 战略建议等)→数字化解决方案(基于数据分析的商业智能报告)→项目实施总结(完整参与项目并形成复盘报告),企业咨询报告(为企业提供市场分析、 战略建议等),数字化解决方案(基于数据分析的商业智能报告),项目实施总结(完整参与项目并形成复盘报告)
135,国际商务案例分析(基于真实企业编写教学案例)→市场调研报告(针对特定市场/行业的系统调研)→产品/服务创新方案(新产品开发、服务模式设计等),国际商务案例分析(基于真实企业编写教学案例),市场调研报告(针对特定市场/行业的系统调研),产品/服务创新方案(新产品开发、服务模式设计等)
136,企业咨询报告(为企业提供市场分析、 战略建议等)→项目实施总结(完整参与项目并形成复盘报告),企业咨询报告(为企业提供市场分析、 战略建议等),项目实施总结(完整参与项目并形成复盘报告),
137,国际商务案例分析(基于真实企业编写教学案例)→市场调研报告(针对特定市场/行业的系统调研)→政策研究报告(针对国际贸易政策的应用研究),国际商务案例分析(基于真实企业编写教学案例),市场调研报告(针对特定市场/行业的系统调研),政策研究报告(针对国际贸易政策的应用研究)
138,企业咨询报告(为企业提供市场分析、 战略建议等)→国际商务案例分析(基于真实企业编写教学案例)→市场调研报告(针对特定市场/行业的系统调研),企业咨询报告(为企业提供市场分析、 战略建议等),国际商务案例分析(基于真实企业编写教学案例),市场调研报告(针对特定市场/行业的系统调研)
139,商业方案设计(跨境电商方案、国际市场进入方案等),商业方案设计(跨境电商方案、国际市场进入方案等),,
140,国际商务案例分析(基于真实企业编写教学案例)→商业方案设计(跨境电商方案、国际市场进入方案等)→数字化解决方案(基于数据分析的商业智能报告),国际商务案例分析(基于真实企业编写教学案例),商业方案设计(跨境电商方案、国际市场进入方案等),数字化解决方案(基于数据分析的商业智能报告)
141,国际商务案例分析(基于真实企业编写教学案例)→商业方案设计(跨境电商方案、国际市场进入方案等)→项目实施总结(完整参与项目并形成复盘报告),国际商务案例分析(基于真实企业编写教学案例),商业方案设计(跨境电商方案、国际市场进入方案等),项目实施总结(完整参与项目并形成复盘报告)
142,企业咨询报告(为企业提供市场分析、 战略建议等),企业咨询报告(为企业提供市场分析、 战略建议等),,
143,项目实施总结(完整参与项目并形成复盘报告)→商业方案设计(跨境电商方案、国际市场进入方案等)→企业咨询报告(为企业提供市场分析、 战略建议等),项目实施总结(完整参与项目并形成复盘报告),商业方案设计(跨境电商方案、国际市场进入方案等),企业咨询报告(为企业提供市场分析、 战略建议等)
144,企业咨询报告(为企业提供市场分析、 战略建议等)→商业方案设计(跨境电商方案、国际市场进入方案等)→国际商务案例分析(基于真实企业编写教学案例),企业咨询报告(为企业提供市场分析、 战略建议等),商业方案设计(跨境电商方案、国际市场进入方案等),国际商务案例分析(基于真实企业编写教学案例)
145,国际商务案例分析(基于真实企业编写教学案例)→市场调研报告(针对特定市场/行业的系统调研)→商业方案设计(跨境电商方案、国际市场进入方案等),国际商务案例分析(基于真实企业编写教学案例),市场调研报告(针对特定市场/行业的系统调研),商业方案设计(跨境电商方案、国际市场进入方案等)
146,国际商务案例分析(基于真实企业编写教学案例),国际商务案例分析(基于真实企业编写教学案例),,
147,市场调研报告(针对特定市场/行业的系统调研)→企业咨询报告(为企业提供市场分析、 战略建议等)→政策研究报告(针对国际贸易政策的应用研究),市场调研报告(针对特定市场/行业的系统调研),企业咨询报告(为企业提供市场分析、 战略建议等),政策研究报告(针对国际贸易政策的应用研究)
148,企业咨询报告(为企业提供市场分析、 战略建议等)→市场调研报告(针对特定市场/行业的系统调研)→数字化解决方案(基于数据分析的商业智能报告),企业咨询报告(为企业提供市场分析、 战略建议等),市场调研报告(针对特定市场/行业的系统调研),数字化解决方案(基于数据分析的商业智能报告)
149,国际商务案例分析(基于真实企业编写教学案例)→企业咨询报告(为企业提供市场分析、 战略建议等)→商业方案设计(跨境电商方案、国际市场进入方案等),国际商务案例分析(基于真实企业编写教学案例),企业咨询报告(为企业提供市场分析、 战略建议等),商业方案设计(跨境电商方案、国际市场进入方案等)
150,投资项目可行性研究报告（从风险到回报的全面分析决策）,投资项目可行性研究报告（从风险到回报的全面分析决策）,,
151,项目实施总结(完整参与项目并形成复盘报告)→企业咨询报告(为企业提供市场分析、 战略建议等)→国际商务案例分析(基于真实企业编写教学案例),项目实施总结(完整参与项目并形成复盘报告),企业咨询报告(为企业提供市场分析、 战略建议等),国际商务案例分析(基于真实企业编写教学案例)
152,市场调研报告(针对特定市场/行业的系统调研)→产品/服务创新方案(新产品开发、服务模式设计等)→数字化解决方案(基于数据分析的商业智能报告),市场调研报告(针对特定市场/行业的系统调研),产品/服务创新方案(新产品开发、服务模式设计等),数字化解决方案(基于数据分析的商业智能报告)
153,企业咨询报告(为企业提供市场分析、 战略建议等),企业咨询报告(为企业提供市场分析、 战略建议等),,
154,市场调研报告(针对特定市场/行业的系统调研)→国际商务案例分析(基于真实企业编写教学案例)→政策研究报告(针对国际贸易政策的应用研究),市场调研报告(针对特定市场/行业的系统调研),国际商务案例分析(基于真实企业编写教学案例),政策研究报告(针对国际贸易政策的应用研究)
155,国际商务案例分析(基于真实企业编写教学案例),国际商务案例分析(基于真实企业编写教学案例),,
156,国际商务案例分析(基于真实企业编写教学案例)→市场调研报告(针对特定市场/行业的系统调研)→企业咨询报告(为企业提供市场分析、 战略建议等),国际商务案例分析(基于真实企业编写教学案例),市场调研报告(针对特定市场/行业的系统调研),企业咨询报告(为企业提供市场分析、 战略建议等)
157,市场调研报告(针对特定市场/行业的系统调研)→国际商务案例分析(基于真实企业编写教学案例)→商业方案设计(跨境电商方案、国际市场进入方案等),市场调研报告(针对特定市场/行业的系统调研),国际商务案例分析(基于真实企业编写教学案例),商业方案设计(跨境电商方案、国际市场进入方案等)
158,数字化解决方案(基于数据分析的商业智能报告),数字化解决方案(基于数据分析的商业智能报告),,
159,项目实施总结(完整参与项目并形成复盘报告),项目实施总结(完整参与项目并形成复盘报告),,
161,企业咨询报告(为企业提供市场分析、 战略建议等)→市场调研报告(针对特定市场/行业的系统调研)→商业方案设计(跨境电商方案、国际市场进入方案等),企业咨询报告(为企业提供市场分析、 战略建议等),市场调研报告(针对特定市场/行业的系统调研),商业方案设计(跨境电商方案、国际市场进入方案等)
162,商业方案设计(跨境电商方案、国际市场进入方案等)→产品/服务创新方案(新产品开发、服务模式设计等)→市场调研报告(针对特定市场/行业的系统调研),商业方案设计(跨境电商方案、国际市场进入方案等),产品/服务创新方案(新产品开发、服务模式设计等),市场调研报告(针对特定市场/行业的系统调研)
163,项目实施总结(完整参与项目并形成复盘报告)→数字化解决方案(基于数据分析的商业智能报告)→投资项目可行性研究报告（从风险到回报的全面分析决策）,项目实施总结(完整参与项目并形成复盘报告),数字化解决方案(基于数据分析的商业智能报告),投资项目可行性研究报告（从风险到回报的全面分析决策）
164,数字化解决方案(基于数据分析的商业智能报告)→商业方案设计(跨境电商方案、国际市场进入方案等)→市场调研报告(针对特定市场/行业的系统调研),数字化解决方案(基于数据分析的商业智能报告),商业方案设计(跨境电商方案、国际市场进入方案等),市场调研报告(针对特定市场/行业的系统调研)
165,产品/服务创新方案(新产品开发、服务模式设计等),产品/服务创新方案(新产品开发、服务模式设计等),,
166,项目实施总结(完整参与项目并形成复盘报告),项目实施总结(完整参与项目并形成复盘报告),,
167,企业咨询报告(为企业提供市场分析、 战略建议等)→国际商务案例分析(基于真实企业编写教学案例)→产品/服务创新方案(新产品开发、服务模式设计等),企业咨询报告(为企业提供市场分析、 战略建议等),国际商务案例分析(基于真实企业编写教学案例),产品/服务创新方案(新产品开发、服务模式设计等)
168,国际商务案例分析(基于真实企业编写教学案例)→商业方案设计(跨境电商方案、国际市场进入方案等)→产品/服务创新方案(新产品开发、服务模式设计等),国际商务案例分析(基于真实企业编写教学案例),商业方案设计(跨境电商方案、国际市场进入方案等),产品/服务创新方案(新产品开发、服务模式设计等)
169,企业咨询报告(为企业提供市场分析、 战略建议等)→投资项目可行性研究报告（从风险到回报的全面分析决策）→市场调研报告(针对特定市场/行业的系统调研),企业咨询报告(为企业提供市场分析、 战略建议等),投资项目可行性研究报告（从风险到回报的全面分析决策）,市场调研报告(针对特定市场/行业的系统调研)
170,企业咨询报告(为企业提供市场分析、 战略建议等),企业咨询报告(为企业提供市场分析、 战略建议等),,
171,国际商务案例分析(基于真实企业编写教学案例)→企业咨询报告(为企业提供市场分析、 战略建议等)→市场调研报告(针对特定市场/行业的系统调研),国际商务案例分析(基于真实企业编写教学案例),企业咨询报告(为企业提供市场分析、 战略建议等),市场调研报告(针对特定市场/行业的系统调研)
172,企业咨询报告(为企业提供市场分析、 战略建议等)→国际商务案例分析(基于真实企业编写教学案例)→政策研究报告(针对国际贸易政策的应用研究),企业咨询报告(为企业提供市场分析、 战略建议等),国际商务案例分析(基于真实企业编写教学案例),政策研究报告(针对国际贸易政策的应用研究)
